Performer,Genre,Place,Day,Month,Year
Haley Heynderickx,Folk,Charlottesville,22,March,2024
Hermanos Gutiérrez,Rock,Charlottesville,19,March,2024
Too Many Zooz,Pop,Charlottesville,17,March,2024
Kane Brown / Tyler Hubbard / Parmalee,Country/Pop,Charlottesville,28,March,2024
Tony Trischka,Bluegrass,Charlottesville,28,March,2024
The Zombies,Rock,Charlottesville,29,March,2024
The Southern Belles,Rock,Charlottesville,29,March,2024
Dumb Waiter,Rock,Richmond,26,March,2024
TC Superstar,Pop,Richmond,26,March,2024
Tasha Cobbs Leonard / Israel Houghton / Erica Campbell / Jonathan McReynolds / Jekalyn Carr,Christian,Richmond,26,March,2024
Grouplove / Bully,Rock,Richmond,25,March,2024
Richmond Symphony,Classical,Richmond,25,March,2024
Jon Meadows Band,Bluegrass,Richmond,24,March,2024
Virginia Opera,Opera,Richmond,24,March,2024
Aries Spears,Comedy,Richmond,24,March,2024
The Armed / The HIRS Collective / Black Matter Device,Rock,Richmond,24,March,2024
I DONT KNOW HOW BUT THEY FOUND ME / Benches,Indie,Richmond,24,March,2024
The Last Revel,Folk,Richmond,23,March,2024
Sub-Radio / Moontower,Pop,Richmond,23,March,2024
South Hill Banks,Folk,Richmond,23,March,2024
Waterparks / Loveless / Sophie Powers,Rock/Pop,Richmond,22,March,2024
These Wild Plains,Rock/Country,Richmond,22,March,2024
School Work / Laura Ann Singh,Pop,Richmond,22,March,2024
Origami Angel / Equipment / Magazine Beach / Flight Club,Indie,Richmond,22,March,2024
Origami Angel / Equipment / Magazine Beach,Indie,Richmond,22,March,2024
Virginia Opera,Opera,Richmond,22,March,2024
Villages,Funk,Richmond,22,March,2024
Villages,Funk,Richmond,22,March,2024
Moontower / Sub-Radio,Classical/Rock,Richmond,22,March,2024
Matisyahu / Cydeways,Pop,Richmond,21,March,2024
Sam Reed / Calvin Brown / Madame B,Jazz,Richmond,21,March,2024
Free Throw / Super American,Indie,Richmond,21,March,2024
Prabir,Rock,Richmond,21,March,2024
Bikini Trill,Pop,Richmond,20,March,2024
Bikini Trill / Jarv,Pop,Richmond,20,March,2024
The Reverend Peyton’s Big Damn Band / Nat Myers,Jazz,Richmond,20,March,2024
The Reverend Peyton's Big Damn Band / Nat Myers,Jazz,Richmond,20,March,2024
Wishbone Ash,Rock,Richmond,20,March,2024
Spafford,Rock,Richmond,20,March,2024
Spafford / Space Koi,Rock,Richmond,20,March,2024
Spafford / Space Koi,Rock,Richmond,20,March,2024
Ledisi,Jazz,Richmond,19,March,2024
The Bald And The Beautiful,Comedy,Richmond,18,March,2024
Matt Maltese / Matt Maltese,Indie,Richmond,18,March,2024
Jack & Jack,Pop,Richmond,17,March,2024
Tom Rush,Folk,Richmond,17,March,2024
Tin Can Fish Band,Rock,Richmond,17,March,2024
Paulo Franco,Pop,Richmond,27,March,2024
Young Dubliners,Rock,Richmond,27,March,2024
Between You & Me / Young Culture / Homesafe / Felicity,Indie,Richmond,27,March,2024
Warren Campbell,R&B,Richmond,27,March,2024
The Steel Wheels,Folk,Richmond,27,March,2024
Randy Rainbow,Comedy,Richmond,28,March,2024
Lobby Boy,Rock/Indie,Richmond,28,March,2024
J. Graves,Rock,Richmond,28,March,2024
Lady Moon & The Eclipse,R&B,Richmond,29,March,2024
White Ford Bronco,Rock/Pop/R&B/Country,Richmond,29,March,2024
Rick Wakeman,Rock,Vienna,27,March,2024
Rick Wakeman,Rock,Vienna,28,March,2024
Rick Wakeman,Rock,Vienna,28,March,2024
Black Opry Revue,Country/Folk,Vienna,29,March,2024
Andy Shauf,Indie,Vienna,30,March,2024
Any Given Sin / Greenhead / Carter Lou & the Project,Rock,Vienna,26,March,2024
Any Given Sin,Rock,Vienna,26,March,2024
The New Ballards Branch Bogtrotters,Folk,Vienna,23,March,2024
Rodrigo Amarante,Indie,Vienna,22,March,2024
Blue October,Pop/Rock,Norfolk,27,March,2024
Horsewhip / Demons / No Man / Dariel Clark,Rock,Norfolk,27,March,2024
Randy Rainbow,Pop,Norfolk,29,March,2024
Chris D'Elia,Comedy,Norfolk,30,March,2024
Owl City / Augustana,Pop/Indie,Norfolk,23,March,2024
Mary Gauthier,Folk,Norfolk,23,March,2024
Set It Off / Crown The Empire / DeathbyRomy,Rock,Norfolk,19,March,2024
Less Than Jake / Strung Out,Rock/Indie,Norfolk,18,March,2024
The Zombies,Rock,Alexandria,27,March,2024
Marty Stuart,Rock/Country,Alexandria,28,March,2024
Raul Malo / Seth Walker,Rock,Alexandria,30,March,2024
Oleta Adams,Christian,Alexandria,23,March,2024
Tape B,Pop,V Beach,29,March,2024
Joanne Shaw Taylor,R&B,V Beach,29,March,2024
Young Dubliners,Rock,V Beach,24,March,2024
Aries Spears,Comedy,V Beach,23,March,2024
Red Not Chili Peppers,Rock/Funk,V Beach,22,March,2024
Postmodern Jukebox,Jazz/Pop,V Beach,22,March,2024
Aries Spears,Comedy,V Beach,22,March,2024
Bikini Trill / Jarv,Pop,V Beach,19,March,2024
Celtic Woman,Classical/Folk/Country,V Beach,19,March,2024
Bikini Trill,Pop,V Beach,19,March,2024
The Fighting Jamesons,Rock,V Beach,17,March,2024
Cyrille Aimee,Jazz,Roanoke,28,March,2024
Spafford,Rock,Roanoke,23,March,2024
Spafford,Rock,Roanoke,22,March,2024
Colton Dixon / Jordan Feliz,Christian,Arlington,20,March,2024
BrhyM / Bruce Hornsby / Ymusic,Rock,Newport,21,March,2024
Celtic Angels,Musical,Newport,17,March,2024
Geoff Tate,Rock,Leesburg,28,March,2024
Van Halen Nation,Rock,Leesburg,30,March,2024
Spafford,Rock,Leesburg,26,March,2024
Flaw / Ra / Soil,Rock/Pop,Leesburg,17,March,2024
The Union Underground,Rock,Leesburg,17,March,2024
Marcello Hernandez,Comedy,Harrisonburg,23,March,2024
Postmodern Jukebox,Pop/Jazz,Lynchburg,24,March,2024
Scott Bradley's Post Modern Jukebox,Pop/Jazz,Lynchburg,24,March,2024
That Girl Lay Lay (aka Alaya High) / Young Dylan / Wanmor / Papa Jay / Rocco,Pop,Fairfax,17,March,2024